url,depth,discovery_index,title,content,relevance_score
https://aws.amazon.com/products/?nc2=h_ql_prod,2,8,No Title,Skip to main content Click here to return to Amazon Web Services homepage About AWS Contact Us Support English My Account Sign In Create an AWS Account Close Profile Your profile helps improve your interactions with select AWS experiences. Login Close Profile Your profile helps improve your interactions with select AWS experiences. View profile Log out Amazon Q Products Solutions Pricing Documentation Learn Partner Network AWS Marketplace Customer Enablement Events Explore More Close عربي Bahasa Indonesia Deutsch English Español Français Italiano Português Tiếng Việt Türkçe Ρусский ไทย 日本語 한국어 中文 (简体) 中文 (繁體) Close My Profile Sign out of AWS Builder ID AWS Management Console Account Settings Billing & Cost Management Security Credentials AWS Personal Health Dashboard Close Support Center Expert Help Knowledge Center AWS Support Overview AWS re:Post Click here to return to Amazon Web Services homepage Close Profile Your profile helps improve your interactions with select AWS experiences,0.8568676114082336
https://aws.amazon.com/about-aws/?nc2=h_header,1,2,No Title,Skip to main content Click here to return to Amazon Web Services homepage About AWS Contact Us Support English My Account Sign In Create an AWS Account Close Profile Your profile helps improve your interactions with select AWS experiences. Login Close Profile Your profile helps improve your interactions with select AWS experiences. View profile Log out Amazon Q Products Solutions Pricing Documentation Learn Partner Network AWS Marketplace Customer Enablement Events Explore More Close عربي Bahasa Indonesia Deutsch English Español Français Italiano Português Tiếng Việt Türkçe Ρусский ไทย 日本語 한국어 中文 (简体) 中文 (繁體) Close My Profile Sign out of AWS Builder ID AWS Management Console Account Settings Billing & Cost Management Security Credentials AWS Personal Health Dashboard Close Support Center Expert Help Knowledge Center AWS Support Overview AWS re:Post Click here to return to Amazon Web Services homepage Close Profile Your profile helps improve your interactions with select AWS experiences,0.8568577170372009
https://aws.amazon.com/profile,2,9,No Title,Skip to main content Click here to return to Amazon Web Services homepage About AWS Contact Us Support English My Account Sign In Create an AWS Account Close Profile Your profile helps improve your interactions with select AWS experiences. Login Close Profile Your profile helps improve your interactions with select AWS experiences. View profile Log out Amazon Q Products Solutions Pricing Documentation Learn Partner Network AWS Marketplace Customer Enablement Events Explore More Close عربي Bahasa Indonesia Deutsch English Español Français Italiano Português Tiếng Việt Türkçe Ρусский ไทย 日本語 한국어 中文 (简体) 中文 (繁體) Close My Profile Sign out of AWS Builder ID AWS Management Console Account Settings Billing & Cost Management Security Credentials AWS Personal Health Dashboard Close Support Center Expert Help Knowledge Center AWS Support Overview AWS re:Post Click here to return to Amazon Web Services homepage Close Profile Your profile helps improve your interactions with select AWS experiences,0.8553876280784607
https://aws.amazon.com/mp/marketplace-service?ref=mp_nav_about,5,31,No Title,Skip to main content Click here to return to Amazon Web Services homepage About AWS Contact Us Support English My Account Sign In Create an AWS Account Close Profile Your profile helps improve your interactions with select AWS experiences. Login Close Profile Your profile helps improve your interactions with select AWS experiences. View profile Log out Amazon Q Products Solutions Pricing Documentation Learn Partner Network AWS Marketplace Customer Enablement Events Explore More Close عربي Bahasa Indonesia Deutsch English Español Français Italiano Português Tiếng Việt Türkçe Ρусский ไทย 日本語 한국어 中文 (简体) 中文 (繁體) Close My Profile Sign out of AWS Builder ID AWS Management Console Account Settings Billing & Cost Management Security Credentials AWS Personal Health Dashboard Close Support Center Expert Help Knowledge Center AWS Support Overview AWS re:Post Click here to return to Amazon Web Services homepage Close Profile Your profile helps improve your interactions with select AWS experiences,0.8538824915885925
https://aws.amazon.com/q/?nc2=h_ql_prod_l1_q,2,6,No Title,Skip to main content Click here to return to Amazon Web Services homepage About AWS Contact Us Support English My Account Sign In Create an AWS Account Close Profile Your profile helps improve your interactions with select AWS experiences. Login Close Profile Your profile helps improve your interactions with select AWS experiences. View profile Log out Amazon Q Products Solutions Pricing Documentation Learn Partner Network AWS Marketplace Customer Enablement Events Explore More Close عربي Bahasa Indonesia Deutsch English Español Français Italiano Português Tiếng Việt Türkçe Ρусский ไทย 日本語 한국어 中文 (简体) 中文 (繁體) Close My Profile Sign out of AWS Builder ID AWS Management Console Account Settings Billing & Cost Management Security Credentials AWS Personal Health Dashboard Close Support Center Expert Help Knowledge Center AWS Support Overview AWS re:Post Click here to return to Amazon Web Services homepage Close Profile Your profile helps improve your interactions with select AWS experiences,0.8509687781333923
https://aws.amazon.com/contact-us/?nc2=h_header,1,1,No Title,Skip to main content Click here to return to Amazon Web Services homepage About AWS Contact Us Support English My Account Sign In Create an AWS Account Close Profile Your profile helps improve your interactions with select AWS experiences. Login Close Profile Your profile helps improve your interactions with select AWS experiences. View profile Log out Amazon Q Products Solutions Pricing Documentation Learn Partner Network AWS Marketplace Customer Enablement Events Explore More Close عربي Bahasa Indonesia Deutsch English Español Français Italiano Português Tiếng Việt Türkçe Ρусский ไทย 日本語 한국어 中文 (简体) 中文 (繁體) Close My Profile Sign out of AWS Builder ID AWS Management Console Account Settings Billing & Cost Management Security Credentials AWS Personal Health Dashboard Close Support Center Expert Help Knowledge Center AWS Support Overview AWS re:Post Click here to return to Amazon Web Services homepage Close Profile Your profile helps improve your interactions with select AWS experiences,0.850017249584198
https://aws.amazon.com/contact-us/?nc2=h_ql_exm,4,16,No Title,Skip to main content Click here to return to Amazon Web Services homepage About AWS Contact Us Support English My Account Sign In Create an AWS Account Close Profile Your profile helps improve your interactions with select AWS experiences. Login Close Profile Your profile helps improve your interactions with select AWS experiences. View profile Log out Amazon Q Products Solutions Pricing Documentation Learn Partner Network AWS Marketplace Customer Enablement Events Explore More Close عربي Bahasa Indonesia Deutsch English Español Français Italiano Português Tiếng Việt Türkçe Ρусский ไทย 日本語 한국어 中文 (简体) 中文 (繁體) Close My Profile Sign out of AWS Builder ID AWS Management Console Account Settings Billing & Cost Management Security Credentials AWS Personal Health Dashboard Close Support Center Expert Help Knowledge Center AWS Support Overview AWS re:Post Click here to return to Amazon Web Services homepage Close Profile Your profile helps improve your interactions with select AWS experiences,0.850017249584198
https://reinvent.awsevents.com/?nc2=h_ql_reinv,5,27,No Title,"Overview 2024 Videos Subscribe See you at re:Invent 2025 December 1 – 5, 2025 | LAS VEGAS, NV Subscribe for updates An amazing week of learning and doing From newsworthy keynotes to career-changing sessions and connections, re:Invent 2024 was an amazing success—and we can’t wait to do it again. Registration for re:Invent 2025 opens this summer. Subscribe for updates. Subscribe 2024 event content The learning continues Keynotes Hear all the announcements and find out what’s top-of-mind for AWS leaders including Matt Garman, CEO of AWS, and Andy Jassy, Amazon president and CEO. Watch on demand Innovation talks Get strategic vision and practical application from AWS leaders and customers who are using cutting-edge AWS services to drive innovation. Watch on demand Breakout sessions Explore complex architectures, learn intricate deployment strategies, and uncover the inner workings of AWS services with the experts who built them. Watch on demand Featured Find your next AWS event AWS re:Info",0.8478101491928101
https://aws.amazon.com/?nc2=h_lg,1,4,No Title,Skip to main content Click here to return to Amazon Web Services homepage About AWS Contact Us Support English My Account Sign In Create an AWS Account Close Profile Your profile helps improve your interactions with select AWS experiences. Login Close Profile Your profile helps improve your interactions with select AWS experiences. View profile Log out Amazon Q Products Solutions Pricing Documentation Learn Partner Network AWS Marketplace Customer Enablement Events Explore More Close عربي Bahasa Indonesia Deutsch English Español Français Italiano Português Tiếng Việt Türkçe Ρусский ไทย 日本語 한국어 中文 (简体) 中文 (繁體) Close My Profile Sign out of AWS Builder ID AWS Management Console Account Settings Billing & Cost Management Security Credentials AWS Personal Health Dashboard Close Support Center Expert Help Knowledge Center AWS Support Overview AWS re:Post Click here to return to Amazon Web Services homepage Close Profile Your profile helps improve your interactions with select AWS experiences,0.8437610864639282
https://aws.amazon.com/customer-enablement/?nc2=h_ql_ce,4,19,No Title,Skip to main content Click here to return to Amazon Web Services homepage About AWS Contact Us Support English My Account Sign In Create an AWS Account Close Profile Your profile helps improve your interactions with select AWS experiences. Login Close Profile Your profile helps improve your interactions with select AWS experiences. View profile Log out Amazon Q Products Solutions Pricing Documentation Learn Partner Network AWS Marketplace Customer Enablement Events Explore More Close عربي Bahasa Indonesia Deutsch English Español Français Italiano Português Tiếng Việt Türkçe Ρусский ไทย 日本語 한국어 中文 (简体) 中文 (繁體) Close My Profile Sign out of AWS Builder ID AWS Management Console Account Settings Billing & Cost Management Security Credentials AWS Personal Health Dashboard Close Support Center Expert Help Knowledge Center AWS Support Overview AWS re:Post Click here to return to Amazon Web Services homepage Close Profile Your profile helps improve your interactions with select AWS experiences,0.8429315686225891
https://aws.amazon.com/?nc1=h_ls,5,21,No Title,Skip to main content Click here to return to Amazon Web Services homepage About AWS Contact Us Support English My Account Sign In Create an AWS Account Close Profile Your profile helps improve your interactions with select AWS experiences. Login Close Profile Your profile helps improve your interactions with select AWS experiences. View profile Log out Amazon Q Products Solutions Pricing Documentation Learn Partner Network AWS Marketplace Customer Enablement Events Explore More Close عربي Bahasa Indonesia Deutsch English Español Français Italiano Português Tiếng Việt Türkçe Ρусский ไทย 日本語 한국어 中文 (简体) 中文 (繁體) Close My Profile Sign out of AWS Builder ID AWS Management Console Account Settings Billing & Cost Management Security Credentials AWS Personal Health Dashboard Close Support Center Expert Help Knowledge Center AWS Support Overview AWS re:Post Click here to return to Amazon Web Services homepage Close Profile Your profile helps improve your interactions with select AWS experiences,0.8418404459953308
https://aws.amazon.com/getting-started/?nc2=h_ql_le,3,11,No Title,Skip to main content Click here to return to Amazon Web Services homepage About AWS Contact Us Support English My Account Sign In Create an AWS Account Close Profile Your profile helps improve your interactions with select AWS experiences. Login Close Profile Your profile helps improve your interactions with select AWS experiences. View profile Log out Amazon Q Products Solutions Pricing Documentation Learn Partner Network AWS Marketplace Customer Enablement Events Explore More Close عربي Bahasa Indonesia Deutsch English Español Français Italiano Português Tiếng Việt Türkçe Ρусский ไทย 日本語 한국어 中文 (简体) 中文 (繁體) Close My Profile Sign out of AWS Builder ID AWS Management Console Account Settings Billing & Cost Management Security Credentials AWS Personal Health Dashboard Close Support Center Expert Help Knowledge Center AWS Support Overview AWS re:Post Click here to return to Amazon Web Services homepage Close Profile Your profile helps improve your interactions with select AWS experiences,0.8418193459510803
https://aws.amazon.com/events/?nc2=h_ql_ev,4,17,No Title,Skip to main content Click here to return to Amazon Web Services homepage About AWS Contact Us Support English My Account Sign In Create an AWS Account Close Profile Your profile helps improve your interactions with select AWS experiences. Login Close Profile Your profile helps improve your interactions with select AWS experiences. View profile Log out Amazon Q Products Solutions Pricing Documentation Learn Partner Network AWS Marketplace Customer Enablement Events Explore More Close عربي Bahasa Indonesia Deutsch English Español Français Italiano Português Tiếng Việt Türkçe Ρусский ไทย 日本語 한국어 中文 (简体) 中文 (繁體) Close My Profile Sign out of AWS Builder ID AWS Management Console Account Settings Billing & Cost Management Security Credentials AWS Personal Health Dashboard Close Support Center Expert Help Knowledge Center AWS Support Overview AWS re:Post Click here to return to Amazon Web Services homepage Close Profile Your profile helps improve your interactions with select AWS experiences,0.8405873775482178
https://aws.amazon.com/marketplace/login?ref_=header_user_signin_mobile,5,33,No Title,"Try the new sign in UI See our new improved Amazon Web Services sign in experience before we officially launch. Enable new sign in Amazon Web Services Login Sign in Root user Account owner that performs tasks requiring unrestricted access. Learn more IAM user User within an account that performs daily tasks. Learn more Root user email address Next By continuing, you agree to the AWS Customer Agreement or other agreement for AWS services, and the Privacy Notice . This site uses essential cookies. See our Cookie Notice for more information. New to AWS? Create a new AWS account Account Selection There are multiple accounts linked to: Select an account to continue: Continue with this account Sign in to a different account Root user sign in This sign-in page is for AWS account root users that have provided an account email. To sign in using IAM user credentials, choose ""Sign in to a different account"" below to return to the main sign-in page and enter your account ID or account alias. Email",0.8328932523727417
https://aws.amazon.com/marketplace/login?ref_=header_user_signin_desktop,5,34,No Title,"Try the new sign in UI See our new improved Amazon Web Services sign in experience before we officially launch. Enable new sign in Amazon Web Services Login Sign in Root user Account owner that performs tasks requiring unrestricted access. Learn more IAM user User within an account that performs daily tasks. Learn more Root user email address Next By continuing, you agree to the AWS Customer Agreement or other agreement for AWS services, and the Privacy Notice . This site uses essential cookies. See our Cookie Notice for more information. New to AWS? Create a new AWS account Account Selection There are multiple accounts linked to: Select an account to continue: Continue with this account Sign in to a different account Root user sign in This sign-in page is for AWS account root users that have provided an account email. To sign in using IAM user credentials, choose ""Sign in to a different account"" below to return to the main sign-in page and enter your account ID or account alias. Email",0.8328932523727417
https://aws.amazon.com/marketplace/login?ref_=header_user_register_desktop,5,35,No Title,"Try the new sign in UI See our new improved Amazon Web Services sign in experience before we officially launch. Enable new sign in Amazon Web Services Login Sign in Root user Account owner that performs tasks requiring unrestricted access. Learn more IAM user User within an account that performs daily tasks. Learn more Root user email address Next By continuing, you agree to the AWS Customer Agreement or other agreement for AWS services, and the Privacy Notice . This site uses essential cookies. See our Cookie Notice for more information. New to AWS? Create a new AWS account Account Selection There are multiple accounts linked to: Select an account to continue: Continue with this account Sign in to a different account Root user sign in This sign-in page is for AWS account root users that have provided an account email. To sign in using IAM user credentials, choose ""Sign in to a different account"" below to return to the main sign-in page and enter your account ID or account alias. Email",0.8328932523727417
https://aws.amazon.com/partners/?nc2=h_ql_pn,3,15,No Title,Skip to main content Click here to return to Amazon Web Services homepage About AWS Contact Us Support English My Account Sign In Create an AWS Account Close Profile Your profile helps improve your interactions with select AWS experiences. Login Close Profile Your profile helps improve your interactions with select AWS experiences. View profile Log out Amazon Q Products Solutions Pricing Documentation Learn Partner Network AWS Marketplace Customer Enablement Events Explore More Close عربي Bahasa Indonesia Deutsch English Español Français Italiano Português Tiếng Việt Türkçe Ρусский ไทย 日本語 한국어 中文 (简体) 中文 (繁體) Close My Profile Sign out of AWS Builder ID AWS Management Console Account Settings Billing & Cost Management Security Credentials AWS Personal Health Dashboard Close Support Center Expert Help Knowledge Center AWS Support Overview AWS re:Post Click here to return to Amazon Web Services homepage Close Profile Your profile helps improve your interactions with select AWS experiences,0.8293038010597229
https://aws.amazon.com/connect/pricing/,0,0,No Title,Skip to main content Click here to return to Amazon Web Services homepage About AWS Contact Us Support English My Account Sign In Create an AWS Account Close Profile Your profile helps improve your interactions with select AWS experiences. Login Close Profile Your profile helps improve your interactions with select AWS experiences. View profile Log out Amazon Q Products Solutions Pricing Documentation Learn Partner Network AWS Marketplace Customer Enablement Events Explore More Close عربي Bahasa Indonesia Deutsch English Español Français Italiano Português Tiếng Việt Türkçe Ρусский ไทย 日本語 한국어 中文 (简体) 中文 (繁體) Close My Profile Sign out of AWS Builder ID AWS Management Console Account Settings Billing & Cost Management Security Credentials AWS Personal Health Dashboard Close Support Center Expert Help Knowledge Center AWS Support Overview AWS re:Post Click here to return to Amazon Web Services homepage Close Profile Your profile helps improve your interactions with select AWS experiences,0.8262760639190674
https://aws.amazon.com/pricing/?nc2=h_ql_pr,3,14,No Title,Skip to main content Click here to return to Amazon Web Services homepage About AWS Contact Us Support English My Account Sign In Create an AWS Account Close Profile Your profile helps improve your interactions with select AWS experiences. Login Close Profile Your profile helps improve your interactions with select AWS experiences. View profile Log out Amazon Q Products Solutions Pricing Documentation Learn Partner Network AWS Marketplace Customer Enablement Events Explore More Close عربي Bahasa Indonesia Deutsch English Español Français Italiano Português Tiếng Việt Türkçe Ρусский ไทย 日本語 한국어 中文 (简体) 中文 (繁體) Close My Profile Sign out of AWS Builder ID AWS Management Console Account Settings Billing & Cost Management Security Credentials AWS Personal Health Dashboard Close Support Center Expert Help Knowledge Center AWS Support Overview AWS re:Post Click here to return to Amazon Web Services homepage Close Profile Your profile helps improve your interactions with select AWS experiences,0.8222666382789612
https://aws.amazon.com/solutions/?nc2=h_ql_sol,3,13,No Title,Skip to main content Click here to return to Amazon Web Services homepage About AWS Contact Us Support English My Account Sign In Create an AWS Account Close Profile Your profile helps improve your interactions with select AWS experiences. Login Close Profile Your profile helps improve your interactions with select AWS experiences. View profile Log out Amazon Q Products Solutions Pricing Documentation Learn Partner Network AWS Marketplace Customer Enablement Events Explore More Close عربي Bahasa Indonesia Deutsch English Español Français Italiano Português Tiếng Việt Türkçe Ρусский ไทย 日本語 한국어 中文 (简体) 中文 (繁體) Close My Profile Sign out of AWS Builder ID AWS Management Console Account Settings Billing & Cost Management Security Credentials AWS Personal Health Dashboard Close Support Center Expert Help Knowledge Center AWS Support Overview AWS re:Post Click here to return to Amazon Web Services homepage Close Profile Your profile helps improve your interactions with select AWS experiences,0.8194535374641418
https://aws.amazon.com/documentation-overview/?nc2=h_ql_doc_do,3,12,No Title,Skip to main content Click here to return to Amazon Web Services homepage About AWS Contact Us Support English My Account Sign In Create an AWS Account Close Profile Your profile helps improve your interactions with select AWS experiences. Login Close Profile Your profile helps improve your interactions with select AWS experiences. View profile Log out Amazon Q Products Solutions Pricing Documentation Learn Partner Network AWS Marketplace Customer Enablement Events Explore More Close عربي Bahasa Indonesia Deutsch English Español Français Italiano Português Tiếng Việt Türkçe Ρусский ไทย 日本語 한국어 中文 (简体) 中文 (繁體) Close My Profile Sign out of AWS Builder ID AWS Management Console Account Settings Billing & Cost Management Security Credentials AWS Personal Health Dashboard Close Support Center Expert Help Knowledge Center AWS Support Overview AWS re:Post Click here to return to Amazon Web Services homepage Close Profile Your profile helps improve your interactions with select AWS experiences,0.8191606998443604
https://aws.amazon.com/ar/?nc1=h_ls,4,18,No Title,انتقل إلى المحتوى الرئيسي انقر هنا للعودة إلى صفحة Amazon Web Services الرئيسية اتصل بنا الدعم عربى حسابي تسجيل الدخول إنشاء حساب AWS re:Invent المنتجات الحلول التسعير الوثائق تعلّم شبكة الشركاء AWS Marketplace تمكين العملاء الفعاليات استكشف المزيد إغلاق عربي Bahasa Indonesia Deutsch English Español Français Italiano Português Tiếng Việt Türkçe Ρусский ไทย 日本語 한국어 中文 (简体) 中文 (繁體) إغلاق ملف التعريف الخاص بي تسجيل الخروج من معرف AWS Builder وحدة الإدارة في AWS إعدادات الحساب الفوترة وإدارة التكلفة بيانات الأمان AWS Personal Health Dashboard إغلاق مركز الدعم مساعدة من الخبراء مركز المعرفة نظرة عامة حول AWS Support AWS re:Post انقر هنا للعودة إلى صفحة Amazon Web Services الرئيسة بدء الاستخدام مجانًا اتصل بنا re:Invent المنتجات الحلول التسعير مقدمة في AWS بدء الاستخدام الوثائق التدريب والشهادات مركز المطورين نجاح العملاء شبكة الشركاء سوق AWS الدعم AWS re:Post تسجيل الدخول إلى وحدة التحكم تنزيل تطبيق الأجهزة المحمولة ابدأ الإنشاء على AWS اليوم سواء كنت تبحث عن قوة الحوسبة أو تخزين قاعدة البي,0.806661069393158
https://aws.amazon.com/ar/?nc2=h_lg,5,29,No Title,انتقل إلى المحتوى الرئيسي انقر هنا للعودة إلى صفحة Amazon Web Services الرئيسية اتصل بنا الدعم عربى حسابي تسجيل الدخول إنشاء حساب AWS re:Invent المنتجات الحلول التسعير الوثائق تعلّم شبكة الشركاء AWS Marketplace تمكين العملاء الفعاليات استكشف المزيد إغلاق عربي Bahasa Indonesia Deutsch English Español Français Italiano Português Tiếng Việt Türkçe Ρусский ไทย 日本語 한국어 中文 (简体) 中文 (繁體) إغلاق ملف التعريف الخاص بي تسجيل الخروج من معرف AWS Builder وحدة الإدارة في AWS إعدادات الحساب الفوترة وإدارة التكلفة بيانات الأمان AWS Personal Health Dashboard إغلاق مركز الدعم مساعدة من الخبراء مركز المعرفة نظرة عامة حول AWS Support AWS re:Post انقر هنا للعودة إلى صفحة Amazon Web Services الرئيسة بدء الاستخدام مجانًا اتصل بنا re:Invent المنتجات الحلول التسعير مقدمة في AWS بدء الاستخدام الوثائق التدريب والشهادات مركز المطورين نجاح العملاء شبكة الشركاء سوق AWS الدعم AWS re:Post تسجيل الدخول إلى وحدة التحكم تنزيل تطبيق الأجهزة المحمولة ابدأ الإنشاء على AWS اليوم سواء كنت تبحث عن قوة الحوسبة أو تخزين قاعدة البي,0.806661069393158
https://aws.amazon.com/marketplace/?nc2=h_ql_mp,4,20,No Title,"AWS Marketplace Home Sign in Sign in or Create a new account Search Field Categories About What is AWS Marketplace Procurement Governance and Entitlement Cost Management How to Sell Developer Tools and Tutorials ??service_pages.dropdown.free_trials_en?? Business Applications Blockchain Collaboration & Productivity Contact Center Content Management CRM eCommerce eLearning Human Resources IT Business Management Project Management Cloud Operations Cloud Financial Management Cloud Governance Data Products Automotive Data Environmental Data Financial Services Data Gaming Data Healthcare & Life Sciences Data Manufacturing Data Media & Entertainment Data Public Sector Data Resources Data Retail, Location & Marketing Data Telecommunications Data DevOps Agile Lifecycle Management Application Development Application Servers Application Stacks Continuous Integration and Continuous Delivery Infrastructure as Code Issue & Bug Tracking Log Analysis Monitoring Source Control Testing Industries Automo",0.7469624280929565
https://aws.amazon.com/marketplace,5,32,No Title,"AWS Marketplace Home Sign in Sign in or Create a new account Search Field Categories About What is AWS Marketplace Procurement Governance and Entitlement Cost Management How to Sell Developer Tools and Tutorials ??service_pages.dropdown.free_trials_en?? Business Applications Blockchain Collaboration & Productivity Contact Center Content Management CRM eCommerce eLearning Human Resources IT Business Management Project Management Cloud Operations Cloud Financial Management Cloud Governance Data Products Automotive Data Environmental Data Financial Services Data Gaming Data Healthcare & Life Sciences Data Manufacturing Data Media & Entertainment Data Public Sector Data Resources Data Retail, Location & Marketing Data Telecommunications Data DevOps Agile Lifecycle Management Application Development Application Servers Application Stacks Continuous Integration and Continuous Delivery Infrastructure as Code Issue & Bug Tracking Log Analysis Monitoring Source Control Testing Industries Automo",0.7469624280929565
https://aws.amazon.com/ar/contact-us/?nc2=h_header,5,26,No Title,انتقل إلى المحتوى الرئيسي انقر هنا للعودة إلى صفحة Amazon Web Services الرئيسية نبذة عن AWS اتصل بنا الدعم عربى حسابي تسجيل الدخول إنشاء حساب AWS re:Invent المنتجات الحلول التسعير الوثائق تعلّم شبكة الشركاء AWS Marketplace تمكين العملاء الفعاليات استكشف المزيد إغلاق عربي Bahasa Indonesia Deutsch English Español Français Italiano Português Tiếng Việt Türkçe Ρусский ไทย 日本語 한국어 中文 (简体) 中文 (繁體) إغلاق ملف التعريف الخاص بي تسجيل الخروج من معرف AWS Builder وحدة الإدارة في AWS إعدادات الحساب الفوترة وإدارة التكلفة بيانات الأمان AWS Personal Health Dashboard إغلاق مركز الدعم مساعدة من الخبراء مركز المعرفة نظرة عامة حول AWS Support AWS re:Post انقر هنا للعودة إلى صفحة Amazon Web Services الرئيسة بدء الاستخدام مجانًا اتصل بنا re:Invent المنتجات الحلول التسعير مقدمة في AWS بدء الاستخدام الوثائق التدريب والشهادات مركز المطورين نجاح العملاء شبكة الشركاء سوق AWS الدعم AWS re:Post تسجيل الدخول إلى وحدة التحكم تنزيل تطبيق الأجهزة المحمولة التواصل مع AWS خدمات الدعم العام دعم المبيعات أرسل طلب مبيعات أ,0.7255890369415283
https://aws.amazon.com/ar/products/?nc2=h_ql_prod,5,30,No Title,انتقل إلى المحتوى الرئيسي انقر هنا للعودة إلى صفحة Amazon Web Services الرئيسية نبذة عن AWS اتصل بنا الدعم عربى حسابي تسجيل الدخول إنشاء حساب AWS re:Invent المنتجات الحلول التسعير الوثائق تعلّم شبكة الشركاء AWS Marketplace تمكين العملاء الفعاليات استكشف المزيد إغلاق عربي Bahasa Indonesia Deutsch English Español Français Italiano Português Tiếng Việt Türkçe Ρусский ไทย 日本語 한국어 中文 (简体) 中文 (繁體) إغلاق ملف التعريف الخاص بي تسجيل الخروج من معرف AWS Builder وحدة الإدارة في AWS إعدادات الحساب الفوترة وإدارة التكلفة بيانات الأمان AWS Personal Health Dashboard إغلاق مركز الدعم مساعدة من الخبراء مركز المعرفة نظرة عامة حول AWS Support AWS re:Post انقر هنا للعودة إلى صفحة Amazon Web Services الرئيسة بدء الاستخدام مجانًا اتصل بنا re:Invent المنتجات الحلول التسعير مقدمة في AWS بدء الاستخدام الوثائق التدريب والشهادات مركز المطورين نجاح العملاء شبكة الشركاء سوق AWS الدعم AWS re:Post تسجيل الدخول إلى وحدة التحكم تنزيل تطبيق الأجهزة المحمولة الصفحة الرئيسية › الخدمات السحابية خدمات AWS السحابية تقدم Amaz,0.7193934321403503
https://aws.amazon.com/ar/solutions/?nc2=h_ql_sol,5,28,No Title,انتقل إلى المحتوى الرئيسي انقر هنا للعودة إلى صفحة Amazon Web Services الرئيسية نبذة عن AWS اتصل بنا الدعم عربى حسابي تسجيل الدخول إنشاء حساب AWS re:Invent المنتجات الحلول التسعير الوثائق تعلّم شبكة الشركاء AWS Marketplace تمكين العملاء الفعاليات استكشف المزيد إغلاق عربي Bahasa Indonesia Deutsch English Español Français Italiano Português Tiếng Việt Türkçe Ρусский ไทย 日本語 한국어 中文 (简体) 中文 (繁體) إغلاق ملف التعريف الخاص بي تسجيل الخروج من معرف AWS Builder وحدة الإدارة في AWS إعدادات الحساب الفوترة وإدارة التكلفة بيانات الأمان AWS Personal Health Dashboard إغلاق مركز الدعم مساعدة من الخبراء مركز المعرفة نظرة عامة حول AWS Support AWS re:Post انقر هنا للعودة إلى صفحة Amazon Web Services الرئيسة بدء الاستخدام مجانًا اتصل بنا re:Invent المنتجات الحلول التسعير مقدمة في AWS بدء الاستخدام الوثائق التدريب والشهادات مركز المطورين نجاح العملاء شبكة الشركاء سوق AWS الدعم AWS re:Post تسجيل الدخول إلى وحدة التحكم تنزيل تطبيق الأجهزة المحمولة مكتبة حلول AWS المجال عبر الصناعة التقنية نوع المؤسسة تصفح حسب ,0.7048631906509399
https://aws.amazon.com/id/?nc1=h_ls,5,22,No Title,Lewati ke Konten Utama Klik di sini untuk kembali ke halaman beranda Amazon Web Services Tentang AWS Hubungi Kami Dukungan Bahasa Indonesia Akun Saya Masuk Buat Akun AWS re:Invent Produk Solusi Harga Dokumentasi Pelajari Partner Network AWS Marketplace Customer Enablement Acara Jelajahi Lebih Lanjut Tutup عربي Bahasa Indonesia Deutsch English Español Français Italiano Português Tiếng Việt Türkçe Ρусский ไทย 日本語 한국어 中文 (简体) 中文 (繁體) Tutup Profil Saya Keluar dari AWS Builder ID AWS Management Console Pengaturan Akun Manajemen Penagihan & Biaya Kredensial Keamanan AWS Personal Health Dashboard Tutup Pusat Dukungan Bantuan Ahli Pusat Pengetahuan Gambaran Umum Dukungan AWS AWS re:Post Klik di sini untuk kembali ke beranda Amazon Web Services Mulai secara Gratis Hubungi Kami re:Invent Produk Solusi Harga Pengantar AWS Memulai Dokumentasi Pelatihan dan Sertifikasi Pusat Developer Kesuksesan Pelanggan Jaringan Partner AWS Marketplace Dukungan AWS re:Post Masuk ke Konsol Unduh Aplikasi Seluler 1,0.4858306050300598
